{
  "stage": "13.1B",
  "name": "rerun_1200step_simulation_only_mixed_baseline_regression",
  "timestamp": "2026-06-04T09:58:15",
  "pass": true,
  "fail_reasons": [],
  "simulation_only_project": true,
  "hardware_deployment_scope": "out_of_scope_by_user_constraint",
  "hardware_deployment_completed": false,
  "torque_enable_ready": false,
  "torque_publisher_enabled": false,
  "control_law_changed": false,
  "baseline_type": "mixed_online_control_baseline",
  "rerun_returncode": 0,
  "rerun_timeout": false,
  "source_changed": false,
  "pre_hashes": {
    "stage7_summary": "bdd08281f261b3ccb056a735c639e213ee917366dbee722e748eee45a42e35d4",
    "stage7_log": "638755cb03b8d749f88f384206b4a6c84aba194d5c284dce304facc6ec7d75aa",
    "stage7_swing": "a7fc8dec80fe62179359c6025112537b5997026f5761a43af8203f81c791f47d",
    "run_script": "d04462aca40eff00667cdbeab96aa61f95bc4d7465bc9ce3e029cee7a1212ef1"
  },
  "post_hashes": {
    "stage7_summary": "bdd08281f261b3ccb056a735c639e213ee917366dbee722e748eee45a42e35d4",
    "stage7_log": "638755cb03b8d749f88f384206b4a6c84aba194d5c284dce304facc6ec7d75aa",
    "stage7_swing": "a7fc8dec80fe62179359c6025112537b5997026f5761a43af8203f81c791f47d",
    "run_script": "d04462aca40eff00667cdbeab96aa61f95bc4d7465bc9ce3e029cee7a1212ef1"
  },
  "parsed_summary": {
    "wbc_script": "scripts/stage07_online_full_wbc_scheduler_recommended_run.py",
    "swing_target_csv": "results/logs_sample/stage07_online_swing_trajectory_tracking_check.csv",
    "total_steps": 1200,
    "transition_count": 5,
    "trot_FR_RL_steps": 600,
    "trot_FL_RR_steps": 600,
    "stance_kp": 60,
    "stance_kd": 2,
    "swing_kp": 80,
    "swing_kd": 2,
    "stance_wbc_scale": 0.2,
    "swing_pd_scale": 1,
    "swing_target_scale": 0.35,
    "torque_limit": 23.7,
    "initial_z": 0.284805846483,
    "final_z": 0.286644861037,
    "min_z": 0.278419161322,
    "max_z": 0.289102536841,
    "delta_z": 0.001839014553,
    "final_roll": -0.015879508048,
    "final_pitch": -0.009621783271,
    "max_abs_roll": 0.056707402709,
    "roll_margin_to_0p20": 0.143292597291,
    "max_abs_pitch": 0.04832948253,
    "pitch_margin_to_0p20": 0.15167051747,
    "z_margin_to_0p22": 0.058419161322,
    "max_joint_error": 0.077233662573,
    "max_swing_joint_error": 0.042163850217,
    "max_stance_joint_error": 0.077233662573,
    "max_tau_stance_pd_abs": 11.083222358114,
    "max_tau_stance_wbc_abs": 2.125887056052,
    "max_tau_swing_pd_abs": 9.659563043535,
    "max_tau_total_raw_abs": 9.659563043535,
    "max_tau_total_abs": 9.659563043535,
    "max_cmd_step_jump_norm": 25.788963931985,
    "max_cmd_step_jump_abs": 10.987848177937,
    "max_dyn_res_norm": 7.732488454756e-08,
    "max_stance_acc_res_norm": 3.52089100597e-09,
    "max_swing_acc_error_norm": 0.2545718566371,
    "qp_fail_steps": 0,
    "saturation_steps": 0,
    "pass": true,
    "pass_margin": true
  },
  "checks": {
    "total_steps_eq_1200": {
      "actual": 1200,
      "expected": 1200,
      "pass": true
    },
    "transition_count_eq_5": {
      "actual": 5,
      "expected": 5,
      "pass": true
    },
    "trot_FR_RL_steps_eq_600": {
      "actual": 600,
      "expected": 600,
      "pass": true
    },
    "trot_FL_RR_steps_eq_600": {
      "actual": 600,
      "expected": 600,
      "pass": true
    },
    "pass_eq_True": {
      "actual": true,
      "expected": true,
      "pass": true
    },
    "pass_margin_eq_True": {
      "actual": true,
      "expected": true,
      "pass": true
    },
    "qp_fail_steps_eq_0": {
      "actual": 0,
      "expected": 0,
      "pass": true
    },
    "saturation_steps_eq_0": {
      "actual": 0,
      "expected": 0,
      "pass": true
    },
    "min_z_>=_0.22": {
      "actual": 0.278419161322,
      "threshold": 0.22,
      "pass": true
    },
    "max_abs_roll_<=_0.08": {
      "actual": 0.056707402709,
      "threshold": 0.08,
      "pass": true
    },
    "max_abs_pitch_<=_0.08": {
      "actual": 0.04832948253,
      "threshold": 0.08,
      "pass": true
    },
    "max_joint_error_<=_0.12": {
      "actual": 0.077233662573,
      "threshold": 0.12,
      "pass": true
    },
    "max_tau_total_abs_<=_23.7": {
      "actual": 9.659563043535,
      "threshold": 23.7,
      "pass": true
    }
  },
  "evidence_files": {
    "stdout": "/home/zanshi/robot-mpc-wbc-locomotion/results/logs_sample/stage13_1b_rerun_1200step_stdout.log",
    "copied_summary": "/home/zanshi/robot-mpc-wbc-locomotion/results/logs_sample/stage13_1b_stage07_rerun_summary.csv",
    "copied_log": "/home/zanshi/robot-mpc-wbc-locomotion/results/logs_sample/stage13_1b_stage07_rerun_log.csv",
    "copied_swing_tracking": "/home/zanshi/robot-mpc-wbc-locomotion/results/logs_sample/stage13_1b_stage07_rerun_swing_tracking.csv",
    "backup_dir": "/home/zanshi/robot-mpc-wbc-locomotion/results/logs_sample/stage13_1b_backup"
  },
  "recommended_next_stage": "Stage 13.2 2400-step simulation-only robustness regression"
}