mode,sim_steps,kp,kd,torque_limit,initial_z,final_z,min_z,max_z,delta_z,max_abs_roll,roll_margin_to_0p15,max_abs_pitch,pitch_margin_to_0p15,z_margin_to_0p22,max_tau_pd_abs,max_tau_wbc_abs,max_tau_total_abs,saturation_steps,pass,pass_margin
all_stance,1000,80.0,2.0,23.7,0.284805846483,0.290673824396,0.284805846483,0.305856777251,0.005867977913,0.053689475648,0.096310524352,0.029696786699,0.120303213301,0.064805846483,14.096254560898,5.300523665634,8.858349940928,0,True,True
trot_FR_RL,1000,80.0,2.0,23.7,0.284805846483,0.303327670538,0.284805846483,0.313361243682,0.018521824055,0.156525005128,-0.006525005128,0.081633141369,0.068366858631,0.064805846483,19.681902676572,10.638319002741,11.390155099269,0,False,False
trot_FL_RR,1000,80.0,2.0,23.7,0.284805846483,0.300769804656,0.284805846483,0.313811261932,0.015963958172,0.133384221160,0.016615778840,0.070571666592,0.079428333408,0.064805846483,19.807166181165,10.594245657447,11.454092417624,0,True,True
