mode,wbc_scale,sim_steps,kp,kd,torque_limit,initial_z,final_z,min_z,max_z,delta_z,max_abs_roll,roll_margin_to_0p15,max_abs_pitch,pitch_margin_to_0p15,z_margin_to_0p22,max_tau_pd_abs,max_tau_wbc_abs,max_tau_total_abs,saturation_steps,pass,pass_margin
all_stance,1.0,1000,80.0,2.0,23.7,0.284805846483,0.290673824396,0.284805846483,0.305856777251,0.005867977913,0.053689475648,0.096310524352,0.029696786699,0.120303213301,0.064805846483,14.096254560898,5.300523665634,8.858349940928,0,True,True
trot_FR_RL,0.6,1000,80.0,2.0,23.7,0.284805846483,0.295056299833,0.284715134142,0.297270799256,0.010250453350,0.110752061094,0.039247938906,0.052921077590,0.097078922410,0.064715134142,15.454378652100,6.382991401645,9.331342107139,0,True,True
trot_FL_RR,1.0,1000,80.0,2.0,23.7,0.284805846483,0.300769804656,0.284805846483,0.313811261932,0.015963958172,0.133384221160,0.016615778840,0.070571666592,0.079428333408,0.064805846483,19.807166181165,10.594245657447,11.454092417624,0,True,True
